{
  "SEOUL": [
    466.9230769,
    251.3846154
  ],
  "SHINGALJC": [
    465.3846154,
    283.0769231
  ],
  "SUWON": [
    463.8461538,
    314.7692308
  ],
  "GIHEUNG": [
    462.3076923,
    346.4615385
  ],
  "GIHEUNGDONGTAN": [
    460.7692308,
    378.1538462
  ],
  "DONGTAN": [
    459.2307692,
    409.8461538
  ],
  "OSAN": [
    457.6923077,
    441.5384615
  ],
  "ANSUNGJC": [
    456.1538462,
    473.2307692
  ],
  "BUKCHEONAN": [
    453.0769231,
    536.6153846
  ],
  "CHEONAN": [
    451.5384615,
    568.3076923
  ],
  "CHEONANJC": [
    450,
    600
  ],
  "MOKCHEON": [
    500,
    636.6666667
  ],
  "CHEONGJU": [
    550,
    673.3333333
  ],
  "NAMIJC": [
    600,
    710
  ],
  "SEOSEOUL": [
    250,
    204
  ],
  "ANSAN": [
    250,
    240
  ],
  "PALGOKJC": [
    250,
    276
  ],
  "MAESONG": [
    250,
    312
  ],
  "BIBONG": [
    250,
    348
  ],
  "BALAN": [
    250,
    384
  ],
  "SEOPYONGTAEKJC": [
    240,
    420
  ],
  "SEOPYONGTAEK": [
    212.5,
    452.5
  ],
  "SONGAK": [
    175,
    485
  ],
  "DANGJIN": [
    137.5,
    517.5
  ],
  "DANGJINJC": [
    100,
    550
  ],
  "NAMCHEONAN": [
    437.5,
    637.5
  ],
  "PUNGSE": [
    425,
    675
  ],
  "JUNGAN": [
    412.5,
    712.5
  ],
  "GONGJUJC": [
    400,
    750
  ],
  "MYEONCHEON": [
    137.5,
    575
  ],
  "GODEOK": [
    175,
    600
  ],
  "YESANSUDUKSA": [
    212.5,
    625
  ],
  "SINYANG": [
    250,
    650
  ],
  "YOOGU": [
    287.5,
    675
  ],
  "MAGOKSA": [
    325,
    700
  ],
  "SEOGONGJUJC": [
    362.5,
    725
  ],
  "GONGJU": [
    437.5,
    775
  ],
  "SEOSEJONG": [
    475,
    800
  ],
  "NAMSEJONG": [
    512.5,
    825
  ],
  "YUSEONG": [
    550,
    850
  ],
  "DONGSEOUL": [
    530,
    200
  ],
  "SANGOK": [
    541.6666667,
    218.3333333
  ],
  "GYEONGGIGWANGJU": [
    553.3333333,
    236.6666667
  ],
  "GONJIAM": [
    565,
    255
  ],
  "SEOICHEON": [
    576.6666667,
    273.3333333
  ],
  "MAJANG": [
    588.3333333,
    291.6666667
  ],
  "HOBUBJC": [
    600,
    310
  ],
  "ILJUK": [
    600,
    370
  ],
  "DAESO": [
    600,
    430
  ],
  "DAESOJC": [
    600,
    490
  ],
  "JINCHEON": [
    600,
    534
  ],
  "JEUNGPYEONG": [
    600,
    578
  ],
  "OCHANG": [
    600,
    622
  ],
  "SEOCHEONGJU": [
    600,
    666
  ],
  "CHEONGWONJC": [
    600,
    740
  ],
  "CHEONGWON": [
    600,
    770
  ],
  "SINTANJIN": [
    600,
    800
  ],
  "HOIDUKJC": [
    600,
    830
  ],
  "CHEONGBUK": [
    312.0512821,
    437.7435897
  ],
  "SONGTANG": [
    384.1025641,
    455.4871795
  ],
  "SEOANSUNG": [
    504.1025641,
    478.8205128
  ],
  "NAMANSUNG": [
    552.0512821,
    484.4102564
  ],
  "DUNDAE": [
    276.9230769,
    245.3846154
  ],
  "GUNPO": [
    303.8461538,
    250.7692308
  ],
  "DONGGUNPO": [
    330.7692308,
    256.1538462
  ],
  "BUGOK": [
    357.6923077,
    261.5384615
  ],
  "BUKSUWON": [
    384.6153846,
    266.9230769
  ],
  "DONGSUWON": [
    411.5384615,
    272.3076923
  ],
  "GWANGYO": [
    438.4615385,
    277.6923077
  ],
  "MASUNG": [
    492.3076923,
    288.4615385
  ],
  "YONGIN": [
    519.2307692,
    293.8461538
  ],
  "YANGJI": [
    546.1538462,
    299.2307692
  ],
  "DUKPYEONG": [
    573.0769231,
    304.6153846
  ]
}